"Name","Age"
"Tarek",27
"Jhon",32
"Anna",41
"Name","Age"
"Tarek",27
"Jhon",32
"Anna",41
"Name","Age"
"Tarek",27
"Jhon",32
"Anna",41
"Name","Age"
"Tarek",27
"Jhon",32
"Anna",41
"Name","Age"
"Tarek",27
"Jhon",32
"Anna",41
"Name","Age"
"Tarek",27
"Jhon",32
"Anna",41
"Name","Age"
"Tarek",27
"Jhon",32
"Anna",41
"Name","Age"
"Tarek",27
"Jhon",32
"Anna",41
"Name","Age"
"Tarek",27
"Jhon",32
"Anna",41
"Name","Age"
"Tarek",27
"Jhon",32
"Anna",41
"Name","Age"
"Tarek",27
"Jhon",32
"Anna",41
"Name","Age"
"Tarek",27
"Jhon",32
"Anna",41
"Name","Age"
"Tarek",27
"Jhon",32
"Anna",41
"Name","Age"
 "Name","Age"
 "Tarek",27
 "Jhon",32
 "Anna",41
 "Name","Age"
 "Tarek",27
 "Jhon",32
 "Anna",41
 "Name","Age"
 "Tarek",27
 "Jhon",32
 "Anna",41
 "Name","Age"
 "Tarek",27
 "Jhon",32
 "Anna",41
 "Name","Age"
 "Tarek",27
 "Jhon",32
 "Anna",41
 "Name","Age"
 "Tarek",27
 "Jhon",32
 "Anna",41
 "Name","Age"
 "Tarek",27
 "Jhon",32
 "Anna",41
 "Name","Age"
 "Tarek",27
 "Jhon",32
 "Anna",41
 "Name","Age"
 "Tarek",27
 "Jhon",32
 "Anna",41
 "Name","Age"
 "Tarek",27
 "Jhon",32
 "Anna",41
 "Name","Age"
 "Tarek",27
 "Jhon",32
 "Anna",41
 "Name","Age"
 "Tarek",27
 "Jhon",32
 "Anna",41
 "Name","Age"
 "Tarek",27
 "Jhon",32
 "Anna",41
 "Name","Age"
 "Name","Age"
 "Tarek",27
 "Jhon",32
 "Anna",41
 "Name","Age"
 "Tarek",27
 "Jhon",32
 "Anna",41
 "Name","Age"
 "Tarek",27
 "Jhon",32
 "Anna",41
 "Name","Age"
 "Tarek",27
 "Jhon",32
 "Anna",41
 "Name","Age"
 "Tarek",27
 "Jhon",32
 "Anna",41
 "Name","Age"
 "Tarek",27
 "Jhon",32
 "Anna",41
 "Name","Age"
 "Tarek",27
 "Jhon",32
 "Anna",41
 "Name","Age"
 "Tarek",27
 "Jhon",32
 "Anna",41
 "Name","Age"
 "Tarek",27
 "Jhon",32
 "Anna",41
 "Name","Age"
 "Tarek",27
 "Jhon",32
 "Anna",41
 "Name","Age"
 "Tarek",27
 "Jhon",32
 "Anna",41
 "Name","Age"
 "Tarek",27
 "Jhon",32
 "Anna",41
 "Name","Age"
 "Tarek",27
 "Jhon",32
 "Anna",41
 "Name","Age"
  "Name","Age"
  "Tarek",27
  "Jhon",32
  "Anna",41
  "Name","Age"
  "Tarek",27
  "Jhon",32
  "Anna",41
  "Name","Age"
  "Tarek",27
  "Jhon",32
  "Anna",41
  "Name","Age"
  "Tarek",27
  "Jhon",32
  "Anna",41
  "Name","Age"
  "Tarek",27
  "Jhon",32
  "Anna",41
  "Name","Age"
  "Tarek",27
  "Jhon",32
  "Anna",41
  "Name","Age"
  "Tarek",27
  "Jhon",32
  "Anna",41
  "Name","Age"
  "Tarek",27
  "Jhon",32
  "Anna",41
  "Name","Age"
  "Tarek",27
  "Jhon",32
  "Anna",41
  "Name","Age"
  "Tarek",27
  "Jhon",32
  "Anna",41
  "Name","Age"
  "Tarek",27
  "Jhon",32
  "Anna",41
  "Name","Age"
  "Tarek",27
  "Jhon",32
  "Anna",41
  "Name","Age"
  "Tarek",27
  "Jhon",32
  "Anna",41
  "Name","Age"
  "Name","Age"
  "Tarek",27
  "Jhon",32
  "Anna",41
  "Name","Age"
  "Tarek",27
  "Jhon",32
  "Anna",41
  "Name","Age"
  "Tarek",27
  "Jhon",32
  "Anna",41
  "Name","Age"
  "Tarek",27
  "Jhon",32
  "Anna",41
  "Name","Age"
  "Tarek",27
  "Jhon",32
  "Anna",41
  "Name","Age"
  "Tarek",27
  "Jhon",32
  "Anna",41
  "Name","Age"
  "Tarek",27
  "Jhon",32
  "Anna",41
  "Name","Age"
  "Tarek",27
  "Jhon",32
  "Anna",41
  "Name","Age"
  "Tarek",27
  "Jhon",32
  "Anna",41
  "Name","Age"
  "Tarek",27
  "Jhon",32
  "Anna",41
  "Name","Age"
  "Tarek",27
  "Jhon",32
  "Anna",41
  "Name","Age"
  "Tarek",27
  "Jhon",32
  "Anna",41
  "Name","Age"
  "Tarek",27
  "Jhon",32
  "Anna",41
  "Name","Age"
   "Name","Age"
   "Tarek",27
   "Jhon",32
   "Anna",41
   "Name","Age"
   "Tarek",27
   "Jhon",32
   "Anna",41
   "Name","Age"
   "Tarek",27
   "Jhon",32
   "Anna",41
   "Name","Age"
   "Tarek",27
   "Jhon",32
   "Anna",41
   "Name","Age"
   "Tarek",27
   "Jhon",32
   "Anna",41
   "Name","Age"
   "Tarek",27
   "Jhon",32
   "Anna",41
   "Name","Age"
   "Tarek",27
   "Jhon",32
   "Anna",41
   "Name","Age"
   "Tarek",27
   "Jhon",32
   "Anna",41
   "Name","Age"
   "Tarek",27
   "Jhon",32
   "Anna",41
   "Name","Age"
   "Tarek",27
   "Jhon",32
   "Anna",41
   "Name","Age"
   "Tarek",27
   "Jhon",32
   "Anna",41
   "Name","Age"
   "Tarek",27
   "Jhon",32
   "Anna",41
   "Name","Age"
   "Tarek",27
   "Jhon",32
   "Anna",41
   "Name","Age"
   "Name","Age"
   "Tarek",27
   "Jhon",32
   "Anna",41
   "Name","Age"
   "Tarek",27
   "Jhon",32
   "Anna",41
   "Name","Age"
   "Tarek",27
   "Jhon",32
   "Anna",41
   "Name","Age"
   "Tarek",27
   "Jhon",32
   "Anna",41
   "Name","Age"
   "Tarek",27
   "Jhon",32
   "Anna",41
   "Name","Age"
   "Tarek",27
   "Jhon",32
   "Anna",41
   "Name","Age"
   "Tarek",27
   "Jhon",32
   "Anna",41
   "Name","Age"
   "Tarek",27
   "Jhon",32
   "Anna",41
   "Name","Age"
   "Tarek",27
   "Jhon",32
   "Anna",41
   "Name","Age"
   "Tarek",27
   "Jhon",32
   "Anna",41
   "Name","Age"
   "Tarek",27
   "Jhon",32
   "Anna",41
   "Name","Age"
   "Tarek",27
   "Jhon",32
   "Anna",41
   "Name","Age"
   "Tarek",27
   "Jhon",32
   "Anna",41
   "Name","Age"
    "Name","Age"
    "Tarek",27
    "Jhon",32
    "Anna",41
    "Name","Age"
    "Tarek",27
    "Jhon",32
    "Anna",41
    "Name","Age"
    "Tarek",27
    "Jhon",32
    "Anna",41
    "Name","Age"
    "Tarek",27
    "Jhon",32
    "Anna",41
    "Name","Age"
    "Tarek",27
    "Jhon",32
    "Anna",41
    "Name","Age"
    "Tarek",27
    "Jhon",32
    "Anna",41
    "Name","Age"
    "Tarek",27
    "Jhon",32
    "Anna",41
    "Name","Age"
    "Tarek",27
    "Jhon",32
    "Anna",41
    "Name","Age"
    "Tarek",27
    "Jhon",32
    "Anna",41
    "Name","Age"
    "Tarek",27
    "Jhon",32
    "Anna",41
    "Name","Age"
    "Tarek",27
    "Jhon",32
    "Anna",41
    "Name","Age"
    "Tarek",27
    "Jhon",32
    "Anna",41
    "Name","Age"
    "Tarek",27
    "Jhon",32
    "Anna",41